,Superstore_Sales,VideoGame_Global_Sales_M_units,Superstore_YoY%,VideoGame_YoY%
2015,479856.2081,264.44,,
2016,459436.0054,70.92999999999999,-4.255483696012641,-73.17728029042505
2017,600192.55,0.05,30.636811861850653,-99.92950796559988
