Model,MAE,RMSE,MAPE,Forecast_M1 (Oct18),Forecast_M2 (Nov18),Forecast_M3 (Dec18)
SARIMA,20580.707746017255,22190.925501420938,21.93526622790781,54757.948775997866,88413.68208704138,92557.856701091
Prophet,20296.007410785864,22487.465695634408,21.892588782405475,51083.66377012865,90045.40211961762,89661.19072210386
XGBoost,18883.115625000002,20993.573652135387,19.32745492041574,68952.8671875,87130.1015625,65684.359375
